-- Insertar usuarios con created_date
INSERT INTO users (full_name, email, password, gender, birthdate, city_id, country_id, role, subscription_type, subscription_expiration, created_date)
VALUES ('Carlos Rodriguez', 'carlos@example.com', '$2a$10$dXJ3SW6G7P50lGmMkkmwe.20cQQubK3.HZWzG3YB1tlRy.fqvM/BG', 'Masculino', '1990-05-15', 1, 70, 'BAILARIN', 'PRO', '2025-12-31', '2024-01-01 12:00:00');

INSERT INTO users (full_name, email, password, gender, birthdate, city_id, country_id, role, subscription_type, subscription_expiration, created_date)
VALUES ('Maria Gomez', 'maria@example.com', '$2a$10$dXJ3SW6G7P50lGmMkkmwe.20cQQubK3.HZWzG3YB1tlRy.fqvM/BG', 'Femenino', '1992-08-22', 1, 70, 'BAILARIN', 'BASICO', '2025-06-30', '2024-01-01 12:00:00');

INSERT INTO users (full_name, email, password, gender, birthdate, city_id, country_id, role, subscription_type, subscription_expiration, created_date)
VALUES ('Juan Perez', 'juan@example.com', '$2a$10$dXJ3SW6G7P50lGmMkkmwe.20cQQubK3.HZWzG3YB1tlRy.fqvM/BG', 'Masculino', '1985-12-10', 1, 70, 'ORGANIZADOR', 'PRO', '2025-12-15', '2024-01-01 12:00:00');

INSERT INTO users (full_name, email, password, gender, birthdate, city_id, country_id, role, subscription_type, subscription_expiration, created_date)
VALUES ('Laura Martinez', 'laura@example.com', '$2a$10$dXJ3SW6G7P50lGmMkkmwe.20cQQubK3.HZWzG3YB1tlRy.fqvM/BG', 'Femenino', '1988-03-25', 1, 70, 'BAILARIN', 'PRO', '2025-11-20', '2024-01-01 12:00:00');

INSERT INTO users (full_name, email, password, gender, birthdate, city_id, country_id, role, subscription_type, subscription_expiration, created_date)
VALUES ('Roberto Sanchez', 'roberto@example.com', '$2a$10$dXJ3SW6G7P50lGmMkkmwe.20cQQubK3.HZWzG3YB1tlRy.fqvM/BG', 'Masculino', '1995-07-08', 2, 70, 'BAILARIN', 'SIN_SUSCRIPCION', NULL, '2024-01-01 12:00:00');

INSERT INTO users (full_name, email, password, gender, birthdate, city_id, country_id, role, subscription_type, subscription_expiration, created_date)
VALUES ('Ana Lopez', 'ana@example.com', '$2a$10$dXJ3SW6G7P50lGmMkkmwe.20cQQubK3.HZWzG3YB1tlRy.fqvM/BG', 'Femenino', '1993-02-14', 2, 70, 'BAILARIN', 'BASICO', '2025-08-15', '2024-01-01 12:00:00');

INSERT INTO users (full_name, email, password, gender, birthdate, city_id, country_id, role, subscription_type, subscription_expiration, created_date)
VALUES ('Santiago Fernández', 'santiago@example.com', '$2a$10$dXJ3SW6G7P50lGmMkkmwe.20cQQubK3.HZWzG3YB1tlRy.fqvM/BG', 'Otro', '1987-11-30', 2, 70, 'ORGANIZADOR', 'PRO', '2026-01-31', '2024-01-01 12:00:00');

INSERT INTO users (full_name, email, password, gender, birthdate, city_id, country_id, role, subscription_type, subscription_expiration, created_date)
VALUES ('Santiago Barrionuevo', 'santiagobarrionuevo9@gmail.com', '$2a$10$dXJ3SW6G7P50lGmMkkmwe.20cQQubK3.HZWzG3YB1tlRy.fqvM/BG', 'Masculino', '1990-01-01', 1, 70, 'ADMIN', 'PRO', '2030-12-31', '2024-01-01 12:00:00');

-- Nuevos usuarios
INSERT INTO users (full_name, email, password, gender, birthdate, city_id, country_id, role, subscription_type, subscription_expiration, created_date)
VALUES ('Luis Fernandez', 'luis.fernandez@example.com', '$2a$10$dXJ3SW6G7P50lGmMkkmwe.20cQQubK3.HZWzG3YB1tlRy.fqvM/BG', 'Masculino', '1989-04-10', 2, 70, 'BAILARIN', 'PRO', '2025-12-31', '2024-02-01 10:00:00');

INSERT INTO users (full_name, email, password, gender, birthdate, city_id, country_id, role, subscription_type, subscription_expiration, created_date)
VALUES ('Sofia Ramirez', 'sofia.ramirez@example.com', '$2a$10$dXJ3SW6G7P50lGmMkkmwe.20cQQubK3.HZWzG3YB1tlRy.fqvM/BG', 'Femenino', '1991-09-05', 3, 70, 'BAILARIN', 'BASICO', '2025-07-31', '2024-02-02 11:00:00');

INSERT INTO users (full_name, email, password, gender, birthdate, city_id, country_id, role, subscription_type, subscription_expiration, created_date)
VALUES ('Miguel Torres', 'miguel.torres@example.com', '$2a$10$dXJ3SW6G7P50lGmMkkmwe.20cQQubK3.HZWzG3YB1tlRy.fqvM/BG', 'Masculino', '1983-12-20', 1, 70, 'ORGANIZADOR', 'PRO', '2026-06-30', '2024-02-03 09:30:00');

INSERT INTO users (full_name, email, password, gender, birthdate, city_id, country_id, role, subscription_type, subscription_expiration, created_date)
VALUES ('Carla Diaz', 'carla.diaz@example.com', '$2a$10$dXJ3SW6G7P50lGmMkkmwe.20cQQubK3.HZWzG3YB1tlRy.fqvM/BG', 'Femenino', '1996-07-18', 3, 70, 'BAILARIN', 'PRO', '2025-11-15', '2024-02-04 08:45:00');

INSERT INTO users (full_name, email, password, gender, birthdate, city_id, country_id, role, subscription_type, subscription_expiration, created_date)
VALUES ('Ricardo Gomez', 'ricardo.gomez@example.com', '$2a$10$dXJ3SW6G7P50lGmMkkmwe.20cQQubK3.HZWzG3YB1tlRy.fqvM/BG', 'Masculino', '1987-03-28', 2, 70, 'ORGANIZADOR', 'BASICO', '2025-12-31', '2024-02-05 12:00:00');

INSERT INTO users (full_name, email, password, gender, birthdate, city_id, country_id, role, subscription_type, subscription_expiration, created_date)
VALUES ('Valentina Herrera', 'valentina.herrera@example.com', '$2a$10$dXJ3SW6G7P50lGmMkkmwe.20cQQubK3.HZWzG3YB1tlRy.fqvM/BG', 'Femenino', '1994-04-12', 3, 70, 'BAILARIN', 'PRO', '2026-01-01', '2024-03-01 09:00:00');

INSERT INTO users (full_name, email, password, gender, birthdate, city_id, country_id, role, subscription_type, subscription_expiration, created_date)
VALUES ('Martin Castro', 'martin.castro@example.com', '$2a$10$dXJ3SW6G7P50lGmMkkmwe.20cQQubK3.HZWzG3YB1tlRy.fqvM/BG', 'Masculino', '1990-11-03', 1, 70, 'BAILARIN', 'BASICO', '2025-09-30', '2024-03-02 10:15:00');

INSERT INTO users (full_name, email, password, gender, birthdate, city_id, country_id, role, subscription_type, subscription_expiration, created_date)
VALUES ('Luciana Pérez', 'luciana.perez@example.com', '$2a$10$dXJ3SW6G7P50lGmMkkmwe.20cQQubK3.HZWzG3YB1tlRy.fqvM/BG', 'Femenino', '1986-10-07', 2, 70, 'BAILARIN', 'SIN_SUSCRIPCION', NULL, '2024-03-03 13:00:00');




-- Insertar perfiles de bailarines
INSERT INTO dancer_profiles ( user_id, full_name, age, city, level, about_me, availability)
VALUES ( 1, 'Carlos Rodriguez', 33, 'Buenos Aires', 'AVANZADO', 'Bailarín de tango con más de 10 años de experiencia. Me encanta compartir mi pasión por el baile y conocer nuevos compañeros.', 'Lunes a Viernes: 18:00 - 22:00, Fines de semana: disponible todo el día');

INSERT INTO dancer_profiles ( user_id, full_name, age, city, level, about_me, availability)
VALUES ( 2, 'Maria Gomez', 31, 'Córdoba', 'PROFESIONAL', 'Profesora de salsa y bachata. Participo en competencias nacionales e internacionales. Busco parejas de baile para practicar nuevas coreografías.', 'Martes y Jueves: 17:00 - 21:00, Sábados: 10:00 - 14:00');

INSERT INTO dancer_profiles ( user_id, full_name, age, city, level, about_me, availability)
VALUES ( 4, 'Laura Martinez', 37, 'Mendoza', 'INTERMEDIO', 'Apasionada por el baile contemporáneo. Practico desde hace 5 años y siempre estoy buscando mejorar mi técnica con nuevos compañeros.', 'Lunes, Miércoles y Viernes: 19:00 - 21:00');

INSERT INTO dancer_profiles ( user_id, full_name, age, city, level, about_me, availability)
VALUES ( 5, 'Roberto Sanchez', 28, 'Buenos Aires', 'PRINCIPIANTE', 'Nuevo en el mundo del baile, con muchas ganas de aprender salsa y bachata. Busco compañera paciente para practicar pasos básicos.', 'Disponible fines de semana y algunos días entre semana a coordinar');

INSERT INTO dancer_profiles ( user_id, full_name, age, city, level, about_me, availability)
VALUES ( 6, 'Ana Lopez', 30, 'La Plata', 'AVANZADO', 'Bailarina de kizomba y bachata sensual. He participado en varios shows y me encanta enseñar a quienes recién comienzan.', 'Lunes a Jueves: 18:00 - 22:00, Domingos: 15:00 - 19:00');

-- Perfiles de bailarines
INSERT INTO dancer_profiles (user_id, full_name, age, city, level, about_me, availability)
VALUES (10, 'Luis Fernandez', 35, 'Rosario', 'AVANZADO', 'Especialista en salsa y bachata con más de 8 años de experiencia. Me encanta enseñar y compartir con nuevos bailarines.', 'Lunes a Viernes: 17:00 - 21:00');

INSERT INTO dancer_profiles (user_id, full_name, age, city, level, about_me, availability)
VALUES (11, 'Sofia Ramirez', 33, 'Mendoza', 'INTERMEDIO', 'Bailarina apasionada por la danza contemporánea y jazz. Busco compañeros para mejorar técnica y coreografías.', 'Martes, Jueves y Sábados: 16:00 - 20:00');

INSERT INTO dancer_profiles (user_id, full_name, age, city, level, about_me, availability)
VALUES (12, 'Carla Diaz', 28, 'Mendoza', 'PROFESIONAL', 'Profesora de kizomba y bachata sensual, con amplia experiencia en shows y festivales.', 'Lunes a Jueves: 18:00 - 22:00, Domingos: disponible todo el día');

INSERT INTO dancer_profiles (user_id, full_name, age, city, level, about_me, availability)
VALUES (13, 'Valentina Herrera', 30, 'Mendoza', 'PROFESIONAL', 'Bailarina internacional de salsa y bachata. Doy clases y participo en congresos de baile en toda América Latina.', 'Lunes a Viernes: 18:00 - 22:00, Sábados: 14:00 - 18:00');

INSERT INTO dancer_profiles (user_id, full_name, age, city, level, about_me, availability)
VALUES (14, 'Martin Castro', 33, 'Buenos Aires', 'INTERMEDIO', 'Entusiasta del tango y la milonga. Busco compañeros para prácticas y eventos sociales.', 'Fines de semana: tardes y noches');

INSERT INTO dancer_profiles (user_id, full_name, age, city, level, about_me, availability)
VALUES (15, 'Luciana Pérez', 37, 'La Plata', 'PRINCIPIANTE', 'Estoy dando mis primeros pasos en la danza. Me interesa probar distintos estilos y conocer personas con la misma pasión.', 'Disponible todos los días después de las 19:00');


-- Insertar estilos de baile para cada bailarín
INSERT INTO dancer_styles (dancer_id, style) VALUES (1, 'TANGO');
INSERT INTO dancer_styles (dancer_id, style) VALUES (1, 'BACHATA');

INSERT INTO dancer_styles (dancer_id, style) VALUES (2, 'SALSA');
INSERT INTO dancer_styles (dancer_id, style) VALUES (2, 'BACHATA');
INSERT INTO dancer_styles (dancer_id, style) VALUES (2, 'KIZOMBA');

INSERT INTO dancer_styles (dancer_id, style) VALUES (3, 'CONTEMPORANEO');
INSERT INTO dancer_styles (dancer_id, style) VALUES (3, 'JAZZ');

INSERT INTO dancer_styles (dancer_id, style) VALUES (4, 'SALSA');
INSERT INTO dancer_styles (dancer_id, style) VALUES (4, 'BACHATA');

INSERT INTO dancer_styles (dancer_id, style) VALUES (5, 'KIZOMBA');
INSERT INTO dancer_styles (dancer_id, style) VALUES (5, 'BACHATA');

INSERT INTO dancer_styles (dancer_id, style) VALUES (6, 'SALSA');
INSERT INTO dancer_styles (dancer_id, style) VALUES (6, 'BACHATA');

INSERT INTO dancer_styles (dancer_id, style) VALUES (7, 'SALSA');
INSERT INTO dancer_styles (dancer_id, style) VALUES (7, 'BACHATA');

INSERT INTO dancer_styles (dancer_id, style) VALUES (8, 'SALSA');
INSERT INTO dancer_styles (dancer_id, style) VALUES (8, 'BACHATA');

INSERT INTO dancer_styles (dancer_id, style) VALUES (8, 'SALSA');
INSERT INTO dancer_styles (dancer_id, style) VALUES (8, 'BACHATA');

INSERT INTO dancer_styles (dancer_id, style) VALUES (9, 'TANGO');
INSERT INTO dancer_styles (dancer_id, style) VALUES (9, 'SALSA');

INSERT INTO dancer_styles (dancer_id, style) VALUES (10, 'KIZOMBA');
INSERT INTO dancer_styles (dancer_id, style) VALUES (10, 'SALSA');


-- Insertar elementos multimedia
INSERT INTO media ( url, profile_id) VALUES ( '/uploads/dancers/carlos_tango1.jpg', 1);
INSERT INTO media ( url, profile_id) VALUES ( '/uploads/dancers/carlos_tango2.jpg', 1);
INSERT INTO media ( url, profile_id) VALUES ( '/uploads/dancers/maria_salsa1.jpg', 2);
INSERT INTO media ( url, profile_id) VALUES ( '/uploads/dancers/maria_bachata1.mp4', 2);
INSERT INTO media ( url, profile_id) VALUES ( '/uploads/dancers/laura_contemporaneo.jpg', 3);
INSERT INTO media ( url, profile_id) VALUES ( '/uploads/dancers/roberto_practica.jpg', 4);
INSERT INTO media ( url, profile_id) VALUES ( '/uploads/dancers/ana_kizomba1.jpg', 5);
INSERT INTO media ( url, profile_id) VALUES ( '/uploads/dancers/ana_bachata1.mp4', 5);

-- Insertar calificaciones
INSERT INTO ratings ( rater_id, dancer_profile_id, stars, comment)
VALUES ( 2, 1, 5, 'Excelente bailarín de tango, muy paciente para enseñar los pasos.');

INSERT INTO ratings ( rater_id, dancer_profile_id, stars, comment)
VALUES ( 4, 1, 4, 'Muy buen compañero de baile, explica bien los movimientos.');

INSERT INTO ratings ( rater_id, dancer_profile_id, stars, comment)
VALUES ( 1, 2, 5, 'María es una profesional, aprendí mucho practicando con ella.');

INSERT INTO ratings ( rater_id, dancer_profile_id, stars, comment)
VALUES ( 5, 2, 5, 'Increíble técnica en salsa, muy recomendable.');

INSERT INTO ratings ( rater_id, dancer_profile_id, stars, comment)
VALUES ( 1, 3, 4, 'Laura tiene un estilo muy personal y fluido en contemporáneo.');

INSERT INTO ratings ( rater_id, dancer_profile_id, stars, comment)
VALUES ( 2, 5, 5, 'Ana es una excelente maestra de kizomba, muy recomendada.');

INSERT INTO ratings ( rater_id, dancer_profile_id, stars, comment)
VALUES ( 6, 1, 4, 'Carlos tiene mucha experiencia en tango, aprendí mucho en una sesión.');

-- Insertar perfiles de organizadores

INSERT INTO organizer_profiles (user_id, organization_name, contact_email, contact_phone, description, website)
VALUES (
           3, -- Juan Perez
           'Tango Club Buenos Aires',
           'contacto@tangoclub.com',
           '+54 11 1234-5678',
           'Organización dedicada a eventos de tango tradicional en Buenos Aires desde 2010.',
           'https://www.tangoclub.com'
       );

INSERT INTO organizer_profiles (user_id, organization_name, contact_email, contact_phone, description, website)
VALUES (
           7, -- Santiago Fernández
           'Bachata Movement',
           'info@bachatamovement.com',
           '+54 11 2233-4455',
           'Organizador de talleres y festivales de bachata en todo el país. Apasionado por la enseñanza y difusión del baile social.',
           'https://www.bachatamovement.com'
       );



-- Perfiles de organizadores
INSERT INTO organizer_profiles (user_id, organization_name, contact_email, contact_phone, description, website)
VALUES (12, 'Salsa y Sonidos', 'contacto@salsaysonidos.com', '+54 11 5566-7788', 'Organizador de eventos de salsa y ritmos latinos en Buenos Aires desde 2012.', 'https://www.salsaysonidos.com');

INSERT INTO organizer_profiles (user_id, organization_name, contact_email, contact_phone, description, website)
VALUES (13, 'DanceFest', 'info@dancefest.com', '+54 11 6677-8899', 'Festival anual de danza con workshops, shows y competencias. Variedad de estilos y niveles.', 'https://www.dancefest.com');



-- Evento 1: Milonga de Tango en Buenos Aires
INSERT INTO events (name, description, date_time, address, capacity, price, event_type, additional_info, status, city_id, country_id, organizer_id)
VALUES (
           'Milonga Clásica Buenos Aires',
           'Una noche especial de tango con música en vivo y pista libre para todos los niveles.',
           '2025-08-20 21:00:00',
           'Av. Corrientes 1234, Buenos Aires',
           100,
           1500.00,
           'CLASE',
           'Vestimenta formal sugerida. Traer calzado adecuado para pista de baile.',
           'ACTIVO',
           1, 1, 1
       );

-- Evento 2: Taller Intensivo de Bachata
INSERT INTO events (name, description, date_time, address, capacity, price, event_type, additional_info, status, city_id, country_id, organizer_id)
VALUES (
           'Taller Intensivo de Bachata Sensual',
           'Curso de 3 horas dictado por profesores internacionales. Ideal para bailarines intermedios y avanzados.',
           '2025-07-10 18:00:00',
           'Calle Baile 456, Rosario',
           60,
           2000.00,
           'CLASE',
           'Incluye certificado de participación y acceso a material grabado.',
           'ACTIVO',
           1, 2, 2
       );

-- Evento 3: Festival Kizomba La Plata
INSERT INTO events (name, description, date_time, address, capacity, price, event_type, additional_info, status, city_id, country_id, organizer_id)
VALUES (
           'Festival Kizomba La Plata',
           'Dos días completos de workshops, fiestas y shows en vivo de kizomba y semba.',
           '2025-09-15 15:00:00',
           'Centro Cultural K, La Plata',
           200,
           4500.00,
           'CLASE',
           'Pase completo incluye acceso a todas las actividades y fiestas.',
           'ACTIVO',
           2, 3, 3
       );

-- Estilos para evento 1 (Tango)
INSERT INTO event_styles (event_id, style) VALUES (1, 'TANGO');

-- Estilos para evento 2 (Bachata)
INSERT INTO event_styles (event_id, style) VALUES (2, 'BACHATA');

-- Estilos para evento 3 (Kizomba y Semba)
INSERT INTO event_styles (event_id, style) VALUES (3, 'KIZOMBA');
INSERT INTO event_styles (event_id, style) VALUES (3, 'BACHATA');

-- María Gomez se registra al Taller de Bachata
INSERT INTO event_registrations (event_id, user_id, registration_date, status)
VALUES (2, 2, '2025-06-15 10:00:00', 'CONFIRMADO');

-- Carlos Rodriguez se registra al evento de tango
INSERT INTO event_registrations (event_id, user_id, registration_date, status)
VALUES (1, 1, '2025-06-20 09:30:00', 'CONFIRMADO');

-- Ana Lopez se registra al festival de Kizomba
INSERT INTO event_registrations (event_id, user_id, registration_date, status)
VALUES (3, 6, '2025-06-12 14:00:00', 'CONFIRMADO');

-- Roberto Sanchez se registra al taller de Bachata
INSERT INTO event_registrations (event_id, user_id, registration_date, status)
VALUES (2, 5, '2025-06-25 13:00:00', 'CONFIRMADO');

-- Pagó pero no asistió
INSERT INTO event_registrations (event_id, user_id, registration_date, attended, payment_date, payment_reference, payment_method, paid_amount,status)
VALUES (2, 1, DATEADD('DAY', -10, CURRENT_DATE), FALSE, DATEADD('DAY', -9, CURRENT_DATE), 'PAY-321', 'mercado_pago', 2000.00, 'CONFIRMADO');

INSERT INTO event_registrations (event_id, user_id, registration_date, attended, payment_date, payment_reference, payment_method, paid_amount,status)
VALUES (2, 16, DATEADD('DAY', -10, CURRENT_DATE), FALSE, DATEADD('DAY', -9, CURRENT_DATE), 'PAY-321', 'mercado_pago', 2000.00, 'CONFIRMADO');

INSERT INTO event_registrations (event_id, user_id, registration_date, attended, payment_date, payment_reference, payment_method, paid_amount,status)
VALUES (2, 15, DATEADD('DAY', -10, CURRENT_DATE), FALSE, DATEADD('DAY', -9, CURRENT_DATE), 'PAY-321', 'mercado_pago', 2000.00, 'CONFIRMADO');

INSERT INTO event_registrations (event_id, user_id, registration_date, attended, payment_date, payment_reference, payment_method, paid_amount,status)
VALUES (2, 14, DATEADD('DAY', -10, CURRENT_DATE), FALSE, DATEADD('DAY', -9, CURRENT_DATE), 'PAY-321', 'mercado_pago', 2000.00, 'CONFIRMADO');

-- Registro sin pagar aún
INSERT INTO event_registrations (event_id, user_id, registration_date, attended, status)
VALUES (2, 3, DATEADD('DAY', -3, CURRENT_DATE), FALSE, 'PENDIENTE');

-- Registro sin pagar aún
INSERT INTO event_registrations (event_id, user_id, registration_date, attended, status)
VALUES (2, 5, DATEADD('DAY', -3, CURRENT_DATE), FALSE, 'CANCELADO');

-- Registro pendiente de asistencia
INSERT INTO event_registrations (event_id, user_id, registration_date, attended)
VALUES (1, 4, CURRENT_DATE, FALSE);
