-- Insertar usuarios con created_date
INSERT INTO users (full_name, email, password, gender, birthdate, city_id, country_id, role, subscription_type, subscription_expiration, created_date)
VALUES ('Carlos Rodriguez', 'carlos@example.com', '$2a$10$dXJ3SW6G7P50lGmMkkmwe.20cQQubK3.HZWzG3YB1tlRy.fqvM/BG', 'Masculino', '1990-05-15', 1, 66, 'BAILARIN', 'PRO', '2025-12-31', '2024-01-01 12:00:00');

INSERT INTO users (full_name, email, password, gender, birthdate, city_id, country_id, role, subscription_type, subscription_expiration, created_date)
VALUES ('Maria Gomez', 'maria@example.com', '$2a$10$dXJ3SW6G7P50lGmMkkmwe.20cQQubK3.HZWzG3YB1tlRy.fqvM/BG', 'Femenino', '1992-08-22', 1, 66, 'BAILARIN', 'BASICO', '2025-06-30', '2024-01-01 12:00:00');

INSERT INTO users (full_name, email, password, gender, birthdate, city_id, country_id, role, subscription_type, subscription_expiration, created_date)
VALUES ('Juan Perez', 'juan@example.com', '$2a$10$dXJ3SW6G7P50lGmMkkmwe.20cQQubK3.HZWzG3YB1tlRy.fqvM/BG', 'Masculino', '1985-12-10', 1, 66, 'ORGANIZADOR', 'PRO', '2025-12-15', '2024-01-01 12:00:00');

INSERT INTO users (full_name, email, password, gender, birthdate, city_id, country_id, role, subscription_type, subscription_expiration, created_date)
VALUES ('Laura Martinez', 'laura@example.com', '$2a$10$dXJ3SW6G7P50lGmMkkmwe.20cQQubK3.HZWzG3YB1tlRy.fqvM/BG', 'Femenino', '1988-03-25', 1, 66, 'BAILARIN', 'PRO', '2025-11-20', '2024-01-01 12:00:00');

INSERT INTO users (full_name, email, password, gender, birthdate, city_id, country_id, role, subscription_type, subscription_expiration, created_date)
VALUES ('Roberto Sanchez', 'roberto@example.com', '$2a$10$dXJ3SW6G7P50lGmMkkmwe.20cQQubK3.HZWzG3YB1tlRy.fqvM/BG', 'Masculino', '1995-07-08', 2, 66, 'BAILARIN', 'SIN_SUSCRIPCION', NULL, '2024-01-01 12:00:00');

INSERT INTO users (full_name, email, password, gender, birthdate, city_id, country_id, role, subscription_type, subscription_expiration, created_date)
VALUES ('Ana Lopez', 'ana@example.com', '$2a$10$dXJ3SW6G7P50lGmMkkmwe.20cQQubK3.HZWzG3YB1tlRy.fqvM/BG', 'Femenino', '1993-02-14', 2, 66, 'BAILARIN', 'BASICO', '2025-08-15', '2024-01-01 12:00:00');

INSERT INTO users (full_name, email, password, gender, birthdate, city_id, country_id, role, subscription_type, subscription_expiration, created_date)
VALUES ('Santiago Fernández', 'santiago@example.com', '$2a$10$dXJ3SW6G7P50lGmMkkmwe.20cQQubK3.HZWzG3YB1tlRy.fqvM/BG', 'Otro', '1987-11-30', 2, 66, 'ORGANIZADOR', 'PRO', '2026-01-31', '2024-01-01 12:00:00');

INSERT INTO users (full_name, email, password, gender, birthdate, city_id, country_id, role, subscription_type, subscription_expiration, created_date)
VALUES ('Santiago Barrionuevo', 'santiagobarrionuevo9@gmail.com', '$2a$10$dXJ3SW6G7P50lGmMkkmwe.20cQQubK3.HZWzG3YB1tlRy.fqvM/BG', 'Masculino', '1990-01-01', 1, 66, 'ADMIN', 'PRO', '2030-12-31', '2024-01-01 12:00:00');

-- Nuevos usuarios
INSERT INTO users (full_name, email, password, gender, birthdate, city_id, country_id, role, subscription_type, subscription_expiration, created_date)
VALUES ('Luis Fernandez', 'luis.fernandez@example.com', '$2a$10$dXJ3SW6G7P50lGmMkkmwe.20cQQubK3.HZWzG3YB1tlRy.fqvM/BG', 'Masculino', '1989-04-10', 2, 66, 'BAILARIN', 'PRO', '2025-12-31', '2024-02-01 10:00:00');

INSERT INTO users (full_name, email, password, gender, birthdate, city_id, country_id, role, subscription_type, subscription_expiration, created_date)
VALUES ('Sofia Ramirez', 'sofia.ramirez@example.com', '$2a$10$dXJ3SW6G7P50lGmMkkmwe.20cQQubK3.HZWzG3YB1tlRy.fqvM/BG', 'Femenino', '1991-09-05', 3, 66, 'BAILARIN', 'BASICO', '2025-07-31', '2024-02-02 11:00:00');

INSERT INTO users (full_name, email, password, gender, birthdate, city_id, country_id, role, subscription_type, subscription_expiration, created_date)
VALUES ('Miguel Torres', 'miguel.torres@example.com', '$2a$10$dXJ3SW6G7P50lGmMkkmwe.20cQQubK3.HZWzG3YB1tlRy.fqvM/BG', 'Masculino', '1983-12-20', 1, 66, 'ORGANIZADOR', 'PRO', '2026-06-30', '2024-02-03 09:30:00');

INSERT INTO users (full_name, email, password, gender, birthdate, city_id, country_id, role, subscription_type, subscription_expiration, created_date)
VALUES ('Carla Diaz', 'carla.diaz@example.com', '$2a$10$dXJ3SW6G7P50lGmMkkmwe.20cQQubK3.HZWzG3YB1tlRy.fqvM/BG', 'Femenino', '1996-07-18', 3, 66, 'BAILARIN', 'PRO', '2025-11-15', '2024-02-04 08:45:00');

INSERT INTO users (full_name, email, password, gender, birthdate, city_id, country_id, role, subscription_type, subscription_expiration, created_date)
VALUES ('Ricardo Gomez', 'ricardo.gomez@example.com', '$2a$10$dXJ3SW6G7P50lGmMkkmwe.20cQQubK3.HZWzG3YB1tlRy.fqvM/BG', 'Masculino', '1987-03-28', 2, 66, 'ORGANIZADOR', 'BASICO', '2025-12-31', '2024-02-05 12:00:00');

INSERT INTO users (full_name, email, password, gender, birthdate, city_id, country_id, role, subscription_type, subscription_expiration, created_date)
VALUES ('Valentina Herrera', 'valentina.herrera@example.com', '$2a$10$dXJ3SW6G7P50lGmMkkmwe.20cQQubK3.HZWzG3YB1tlRy.fqvM/BG', 'Femenino', '1994-04-12', 3, 66, 'BAILARIN', 'PRO', '2026-01-01', '2024-03-01 09:00:00');

INSERT INTO users (full_name, email, password, gender, birthdate, city_id, country_id, role, subscription_type, subscription_expiration, created_date)
VALUES ('Martin Castro', 'martin.castro@example.com', '$2a$10$dXJ3SW6G7P50lGmMkkmwe.20cQQubK3.HZWzG3YB1tlRy.fqvM/BG', 'Masculino', '1990-11-03', 1, 66, 'BAILARIN', 'BASICO', '2025-09-30', '2024-03-02 10:15:00');

INSERT INTO users (full_name, email, password, gender, birthdate, city_id, country_id, role, subscription_type, subscription_expiration, created_date)
VALUES ('Luciana Pérez', 'luciana.perez@example.com', '$2a$10$dXJ3SW6G7P50lGmMkkmwe.20cQQubK3.HZWzG3YB1tlRy.fqvM/BG', 'Femenino', '1986-10-07', 2, 66, 'BAILARIN', 'SIN_SUSCRIPCION', NULL, '2024-03-03 13:00:00');




-- Insertar perfiles de bailarines
INSERT INTO dancer_profiles ( user_id, full_name, age, city, level, about_me, availability)
VALUES ( 1, 'Carlos Rodriguez', 33, 'Buenos Aires', 'AVANZADO', 'Bailarín de tango con más de 10 años de experiencia. Me encanta compartir mi pasión por el baile y conocer nuevos compañeros.', 'Lunes a Viernes: 18:00 - 22:00, Fines de semana: disponible todo el día');

INSERT INTO dancer_profiles ( user_id, full_name, age, city, level, about_me, availability)
VALUES ( 2, 'Maria Gomez', 31, 'Córdoba', 'PROFESIONAL', 'Profesora de salsa y bachata. Participo en competencias nacionales e internacionales. Busco parejas de baile para practicar nuevas coreografías.', 'Martes y Jueves: 17:00 - 21:00, Sábados: 10:00 - 14:00');

INSERT INTO dancer_profiles ( user_id, full_name, age, city, level, about_me, availability)
VALUES ( 4, 'Laura Martinez', 37, 'Mendoza', 'INTERMEDIO', 'Apasionada por el baile contemporáneo. Practico desde hace 5 años y siempre estoy buscando mejorar mi técnica con nuevos compañeros.', 'Lunes, Miércoles y Viernes: 19:00 - 21:00');

INSERT INTO dancer_profiles ( user_id, full_name, age, city, level, about_me, availability)
VALUES ( 5, 'Roberto Sanchez', 28, 'Buenos Aires', 'PRINCIPIANTE', 'Nuevo en el mundo del baile, con muchas ganas de aprender salsa y bachata. Busco compañera paciente para practicar pasos básicos.', 'Disponible fines de semana y algunos días entre semana a coordinar');

INSERT INTO dancer_profiles ( user_id, full_name, age, city, level, about_me, availability)
VALUES ( 6, 'Ana Lopez', 30, 'La Plata', 'AVANZADO', 'Bailarina de kizomba y bachata sensual. He participado en varios shows y me encanta enseñar a quienes recién comienzan.', 'Lunes a Jueves: 18:00 - 22:00, Domingos: 15:00 - 19:00');

-- Perfiles de bailarines
INSERT INTO dancer_profiles (user_id, full_name, age, city, level, about_me, availability)
VALUES (10, 'Luis Fernandez', 35, 'Rosario', 'AVANZADO', 'Especialista en salsa y bachata con más de 8 años de experiencia. Me encanta enseñar y compartir con nuevos bailarines.', 'Lunes a Viernes: 17:00 - 21:00');

INSERT INTO dancer_profiles (user_id, full_name, age, city, level, about_me, availability)
VALUES (11, 'Sofia Ramirez', 33, 'Mendoza', 'INTERMEDIO', 'Bailarina apasionada por la danza contemporánea y jazz. Busco compañeros para mejorar técnica y coreografías.', 'Martes, Jueves y Sábados: 16:00 - 20:00');

INSERT INTO dancer_profiles (user_id, full_name, age, city, level, about_me, availability)
VALUES (12, 'Carla Diaz', 28, 'Mendoza', 'PROFESIONAL', 'Profesora de kizomba y bachata sensual, con amplia experiencia en shows y festivales.', 'Lunes a Jueves: 18:00 - 22:00, Domingos: disponible todo el día');

INSERT INTO dancer_profiles (user_id, full_name, age, city, level, about_me, availability)
VALUES (13, 'Valentina Herrera', 30, 'Mendoza', 'PROFESIONAL', 'Bailarina internacional de salsa y bachata. Doy clases y participo en congresos de baile en toda América Latina.', 'Lunes a Viernes: 18:00 - 22:00, Sábados: 14:00 - 18:00');

INSERT INTO dancer_profiles (user_id, full_name, age, city, level, about_me, availability)
VALUES (14, 'Martin Castro', 33, 'Buenos Aires', 'INTERMEDIO', 'Entusiasta del tango y la milonga. Busco compañeros para prácticas y eventos sociales.', 'Fines de semana: tardes y noches');

INSERT INTO dancer_profiles (user_id, full_name, age, city, level, about_me, availability)
VALUES (15, 'Luciana Pérez', 37, 'La Plata', 'PRINCIPIANTE', 'Estoy dando mis primeros pasos en la danza. Me interesa probar distintos estilos y conocer personas con la misma pasión.', 'Disponible todos los días después de las 19:00');


-- Insertar estilos de baile para cada bailarín
INSERT INTO dancer_styles (dancer_id, style) VALUES (1, 'TANGO');
INSERT INTO dancer_styles (dancer_id, style) VALUES (1, 'BACHATA');

INSERT INTO dancer_styles (dancer_id, style) VALUES (2, 'SALSA');
INSERT INTO dancer_styles (dancer_id, style) VALUES (2, 'BACHATA');
INSERT INTO dancer_styles (dancer_id, style) VALUES (2, 'KIZOMBA');

INSERT INTO dancer_styles (dancer_id, style) VALUES (3, 'CONTEMPORANEO');
INSERT INTO dancer_styles (dancer_id, style) VALUES (3, 'JAZZ');

INSERT INTO dancer_styles (dancer_id, style) VALUES (4, 'SALSA');
INSERT INTO dancer_styles (dancer_id, style) VALUES (4, 'BACHATA');

INSERT INTO dancer_styles (dancer_id, style) VALUES (5, 'KIZOMBA');
INSERT INTO dancer_styles (dancer_id, style) VALUES (5, 'BACHATA');

INSERT INTO dancer_styles (dancer_id, style) VALUES (6, 'SALSA');
INSERT INTO dancer_styles (dancer_id, style) VALUES (6, 'BACHATA');

INSERT INTO dancer_styles (dancer_id, style) VALUES (7, 'SALSA');
INSERT INTO dancer_styles (dancer_id, style) VALUES (7, 'BACHATA');

INSERT INTO dancer_styles (dancer_id, style) VALUES (8, 'SALSA');
INSERT INTO dancer_styles (dancer_id, style) VALUES (8, 'BACHATA');

INSERT INTO dancer_styles (dancer_id, style) VALUES (8, 'SALSA');
INSERT INTO dancer_styles (dancer_id, style) VALUES (8, 'BACHATA');

INSERT INTO dancer_styles (dancer_id, style) VALUES (9, 'TANGO');
INSERT INTO dancer_styles (dancer_id, style) VALUES (9, 'SALSA');

INSERT INTO dancer_styles (dancer_id, style) VALUES (10, 'KIZOMBA');
INSERT INTO dancer_styles (dancer_id, style) VALUES (10, 'SALSA');


-- Insertar elementos multimedia
-- Carlos Rodriguez (Masculino) - profile_id 1
INSERT INTO media (url, profile_id) VALUES ('https://abfba8402917.ngrok-free.app/hombre1.jpg', 1);

-- Maria Gomez (Femenino) - profile_id 2
INSERT INTO media (url, profile_id) VALUES ('https://abfba8402917.ngrok-free.app/mujer1.jpg', 2);

-- Laura Martinez (Femenino) - profile_id 3
INSERT INTO media (url, profile_id) VALUES ('https://abfba8402917.ngrok-free.app/mujer2.jpg', 3);

-- Roberto Sanchez (Masculino) - profile_id 4
INSERT INTO media (url, profile_id) VALUES ('https://abfba8402917.ngrok-free.app/hombre2.jpg', 4);

-- Ana Lopez (Femenino) - profile_id 5
INSERT INTO media (url, profile_id) VALUES ('https://abfba8402917.ngrok-free.app/mujer4.jpg', 5);

-- Luis Fernandez (Masculino) - profile_id 6
INSERT INTO media (url, profile_id) VALUES ('https://abfba8402917.ngrok-free.app/mujer3.jpg', 6);

-- Sofia Ramirez (Femenino) - profile_id 7
INSERT INTO media (url, profile_id) VALUES ('https://abfba8402917.ngrok-free.app/mujer4.jpg', 7);

-- Carla Diaz (Femenino) - profile_id 8
INSERT INTO media (url, profile_id) VALUES ('https://abfba8402917.ngrok-free.app/mujer5.jpg', 8);

-- Valentina Herrera (Femenino) - profile_id 9
INSERT INTO media (url, profile_id) VALUES ('https://abfba8402917.ngrok-free.app/hombre4.jpg', 9);

-- Martin Castro (Masculino) - profile_id 10
INSERT INTO media (url, profile_id) VALUES ('https://abfba8402917.ngrok-free.app/mujer7.jpg', 10);

-- Luciana Pérez (Femenino) - profile_id 11
INSERT INTO media (url, profile_id) VALUES ('https://abfba8402917.ngrok-free.app/hombre3.jpg', 11);


-- Insertar calificaciones
INSERT INTO ratings ( rater_id, dancer_profile_id, stars, comment)
VALUES ( 2, 1, 5, 'Excelente bailarín de tango, muy paciente para enseñar los pasos.');

INSERT INTO ratings ( rater_id, dancer_profile_id, stars, comment)
VALUES ( 4, 1, 4, 'Muy buen compañero de baile, explica bien los movimientos.');

INSERT INTO ratings ( rater_id, dancer_profile_id, stars, comment)
VALUES ( 1, 2, 5, 'María es una profesional, aprendí mucho practicando con ella.');

INSERT INTO ratings ( rater_id, dancer_profile_id, stars, comment)
VALUES ( 5, 2, 5, 'Increíble técnica en salsa, muy recomendable.');

INSERT INTO ratings ( rater_id, dancer_profile_id, stars, comment)
VALUES ( 1, 3, 4, 'Laura tiene un estilo muy personal y fluido en contemporáneo.');

INSERT INTO ratings ( rater_id, dancer_profile_id, stars, comment)
VALUES ( 2, 5, 5, 'Ana es una excelente maestra de kizomba, muy recomendada.');

INSERT INTO ratings ( rater_id, dancer_profile_id, stars, comment)
VALUES ( 6, 1, 4, 'Carlos tiene mucha experiencia en tango, aprendí mucho en una sesión.');

-- Roberto Sanchez (profile_id 4)
INSERT INTO ratings (rater_id, dancer_profile_id, stars, comment)
VALUES (3, 4, 3, 'Es principiante, pero tiene muchas ganas de aprender y buena actitud.');

-- Ana Lopez (profile_id 5) — ya tiene una, agregamos otra
INSERT INTO ratings (rater_id, dancer_profile_id, stars, comment)
VALUES (7, 5, 5, 'Ana domina muy bien la bachata sensual, gran experiencia.');

-- Luis Fernandez (profile_id 6)
INSERT INTO ratings (rater_id, dancer_profile_id, stars, comment)
VALUES (2, 6, 5, 'Luis es un bailarín muy talentoso y sabe liderar con seguridad.');

-- Sofia Ramirez (profile_id 7)
INSERT INTO ratings (rater_id, dancer_profile_id, stars, comment)
VALUES (1, 7, 4, 'Tiene muy buena técnica en jazz. Fue una gran práctica.');

-- Carla Diaz (profile_id 8)
INSERT INTO ratings (rater_id, dancer_profile_id, stars, comment)
VALUES (4, 8, 5, 'Una profesional con mucha energía. Muy recomendable.');

-- Valentina Herrera (profile_id 9)
INSERT INTO ratings (rater_id, dancer_profile_id, stars, comment)
VALUES (3, 9, 5, 'Excelente nivel. Se nota su experiencia en congresos.');

-- Martin Castro (profile_id 10)
INSERT INTO ratings (rater_id, dancer_profile_id, stars, comment)
VALUES (5, 10, 4, 'Buena conexión en tango. Muy agradable para bailar.');

-- Luciana Pérez (profile_id 11)
INSERT INTO ratings (rater_id, dancer_profile_id, stars, comment)
VALUES (2, 11, 4, 'Aunque recién empieza, tiene muy buena actitud y ritmo.');


-- Insertar perfiles de organizadores

INSERT INTO organizer_profiles (user_id, organization_name, contact_email, contact_phone, description, website)
VALUES (
           3, -- Juan Perez
           'Tango Club Buenos Aires',
           'contacto@tangoclub.com',
           '+54 11 1234-5678',
           'Organización dedicada a eventos de tango tradicional en Buenos Aires desde 2010.',
           'https://www.tangoclub.com'
       );

INSERT INTO organizer_profiles (user_id, organization_name, contact_email, contact_phone, description, website)
VALUES (
           7, -- Santiago Fernández
           'Bachata Movement',
           'info@bachatamovement.com',
           '+54 11 2233-4455',
           'Organizador de talleres y festivales de bachata en todo el país. Apasionado por la enseñanza y difusión del baile social.',
           'https://www.bachatamovement.com'
       );



-- Perfiles de organizadores
INSERT INTO organizer_profiles (user_id, organization_name, contact_email, contact_phone, description, website)
VALUES (12, 'Salsa y Sonidos', 'contacto@salsaysonidos.com', '+54 11 5566-7788', 'Organizador de eventos de salsa y ritmos latinos en Buenos Aires desde 2012.', 'https://www.salsaysonidos.com');

INSERT INTO organizer_profiles (user_id, organization_name, contact_email, contact_phone, description, website)
VALUES (13, 'DanceFest', 'info@dancefest.com', '+54 11 6677-8899', 'Festival anual de danza con workshops, shows y competencias. Variedad de estilos y niveles.', 'https://www.dancefest.com');



-- Evento 1: Milonga de Tango en Buenos Aires
INSERT INTO events (name, description, date_time, address, capacity, price, event_type, additional_info, status, city_id, country_id, organizer_id)
VALUES (
           'Milonga Clásica Buenos Aires',
           'Una noche especial de tango con música en vivo y pista libre para todos los niveles.',
           '2025-06-14 15:07:00',
           'Av. Corrientes 1234, Buenos Aires',
           100,
           0,
           'CLASE',
           'Vestimenta formal sugerida. Traer calzado adecuado para pista de baile.',
           'ACTIVO',
           1, 66, 1
       );

-- Evento 2: Taller Intensivo de Bachata
INSERT INTO events (name, description, date_time, address, capacity, price, event_type, additional_info, status, city_id, country_id, organizer_id)
VALUES (
           'Taller Intensivo de Bachata Sensual',
           'Curso de 3 horas dictado por profesores internacionales. Ideal para bailarines intermedios y avanzados.',
           '2025-07-10 18:00:00',
           'Calle Baile 456, Rosario',
           60,
           2000.00,
           'CLASE',
           'Incluye certificado de participación y acceso a material grabado.',
           'ACTIVO',
           1, 66, 2
       );

-- Evento 3: Festival Kizomba La Plata
INSERT INTO events (name, description, date_time, address, capacity, price, event_type, additional_info, status, city_id, country_id, organizer_id)
VALUES (
           'Festival Kizomba La Plata',
           'Dos días completos de workshops, fiestas y shows en vivo de kizomba y semba.',
           '2025-09-15 15:00:00',
           'Centro Cultural K, La Plata',
           200,
           4500.00,
           'CLASE',
           'Pase completo incluye acceso a todas las actividades y fiestas.',
           'ACTIVO',
           2, 66, 3
       );

-- Estilos para evento 1 (Tango)
INSERT INTO event_styles (event_id, style) VALUES (1, 'TANGO');

-- Estilos para evento 2 (Bachata)
INSERT INTO event_styles (event_id, style) VALUES (2, 'BACHATA');

-- Estilos para evento 3 (Kizomba y Semba)
INSERT INTO event_styles (event_id, style) VALUES (3, 'KIZOMBA');
INSERT INTO event_styles (event_id, style) VALUES (3, 'BACHATA');

-- María Gomez se registra al Taller de Bachata
INSERT INTO event_registrations (event_id, user_id, registration_date, status)
VALUES (2, 2, '2025-06-15 10:00:00', 'CONFIRMADO');

-- Carlos Rodriguez se registra al evento de tango
INSERT INTO event_registrations (event_id, user_id, registration_date, status)
VALUES (1, 1, '2025-06-20 09:30:00', 'CONFIRMADO');

-- Ana Lopez se registra al festival de Kizomba
INSERT INTO event_registrations (event_id, user_id, registration_date, status)
VALUES (3, 6, '2025-06-12 14:00:00', 'CONFIRMADO');

-- Roberto Sanchez se registra al taller de Bachata
INSERT INTO event_registrations (event_id, user_id, registration_date, status)
VALUES (2, 5, '2025-06-25 13:00:00', 'CONFIRMADO');

-- Pagó pero no asistió
INSERT INTO event_registrations (event_id, user_id, registration_date, attended, payment_date, payment_reference, payment_method, paid_amount,status)
VALUES (2, 1, DATEADD('DAY', -10, CURRENT_DATE), FALSE, DATEADD('DAY', -9, CURRENT_DATE), 'PAY-321', 'mercado_pago', 2000.00, 'CONFIRMADO');

INSERT INTO event_registrations (event_id, user_id, registration_date, attended, payment_date, payment_reference, payment_method, paid_amount,status)
VALUES (2, 16, DATEADD('DAY', -10, CURRENT_DATE), FALSE, DATEADD('DAY', -9, CURRENT_DATE), 'PAY-321', 'mercado_pago', 2000.00, 'CONFIRMADO');

INSERT INTO event_registrations (event_id, user_id, registration_date, attended, payment_date, payment_reference, payment_method, paid_amount,status)
VALUES (2, 15, DATEADD('DAY', -10, CURRENT_DATE), FALSE, DATEADD('DAY', -9, CURRENT_DATE), 'PAY-321', 'mercado_pago', 2000.00, 'CONFIRMADO');

INSERT INTO event_registrations (event_id, user_id, registration_date, attended, payment_date, payment_reference, payment_method, paid_amount,status)
VALUES (2, 14, DATEADD('DAY', -10, CURRENT_DATE), FALSE, DATEADD('DAY', -9, CURRENT_DATE), 'PAY-321', 'mercado_pago', 2000.00, 'CONFIRMADO');

-- Registro sin pagar aún
INSERT INTO event_registrations (event_id, user_id, registration_date, attended, status)
VALUES (2, 3, DATEADD('DAY', -3, CURRENT_DATE), FALSE, 'PENDIENTE');

-- Registro sin pagar aún
INSERT INTO event_registrations (event_id, user_id, registration_date, attended, status)
VALUES (2, 5, DATEADD('DAY', -3, CURRENT_DATE), FALSE, 'CANCELADO');

-- Registro pendiente de asistencia
INSERT INTO event_registrations (event_id, user_id, registration_date, attended)
VALUES (1, 4, CURRENT_DATE, FALSE);

INSERT INTO match (liker_id, liked_user_id, matched, created_date) VALUES (1, 2, true, '2024-04-01');

INSERT INTO match (liker_id, liked_user_id, matched, created_date) VALUES (1, 4, true, '2024-04-01');

INSERT INTO match (liker_id, liked_user_id, matched, created_date) VALUES (1, 5, true, '2024-04-01');

INSERT INTO match (liker_id, liked_user_id, matched, created_date) VALUES (1, 6, true, '2024-04-01');

INSERT INTO match (liker_id, liked_user_id, matched, created_date) VALUES (1, 10, true, '2024-04-01');

INSERT INTO match (liker_id, liked_user_id, matched, created_date) VALUES (1, 12, true, '2024-04-01');

INSERT INTO match (liker_id, liked_user_id, matched, created_date) VALUES (1, 14, true, '2024-04-01');

INSERT INTO match (liker_id, liked_user_id, matched, created_date) VALUES (1, 15, true, '2024-04-01');


INSERT INTO match (liker_id, liked_user_id, matched, created_date) VALUES (2, 4, true, '2024-04-01');

INSERT INTO match (liker_id, liked_user_id, matched, created_date) VALUES (2, 5, true, '2024-04-01');

INSERT INTO match (liker_id, liked_user_id, matched, created_date) VALUES (2, 6, true, '2024-04-01');

INSERT INTO match (liker_id, liked_user_id, matched, created_date) VALUES (2, 10, true, '2024-04-01');

INSERT INTO match (liker_id, liked_user_id, matched, created_date) VALUES (2, 12, true, '2024-04-01');

INSERT INTO match (liker_id, liked_user_id, matched, created_date) VALUES (2, 14, true, '2024-04-01');

INSERT INTO match (liker_id, liked_user_id, matched, created_date) VALUES (2, 15, true, '2024-04-01');


INSERT INTO match (liker_id, liked_user_id, matched, created_date) VALUES (4, 5, true, '2024-04-01');

INSERT INTO match (liker_id, liked_user_id, matched, created_date) VALUES (4, 6, true, '2024-04-01');

INSERT INTO match (liker_id, liked_user_id, matched, created_date) VALUES (4, 10, true, '2024-04-01');

INSERT INTO match (liker_id, liked_user_id, matched, created_date) VALUES (4, 12, true, '2024-04-01');

INSERT INTO match (liker_id, liked_user_id, matched, created_date) VALUES (4, 14, true, '2024-04-01');

INSERT INTO match (liker_id, liked_user_id, matched, created_date) VALUES (4, 15, true, '2024-04-01');


INSERT INTO match (liker_id, liked_user_id, matched, created_date) VALUES (5, 6, true, '2024-04-01');

INSERT INTO match (liker_id, liked_user_id, matched, created_date) VALUES (5, 10, true, '2024-04-01');

INSERT INTO match (liker_id, liked_user_id, matched, created_date) VALUES (5, 12, true, '2024-04-01');

INSERT INTO match (liker_id, liked_user_id, matched, created_date) VALUES (5, 14, true, '2024-04-01');

INSERT INTO match (liker_id, liked_user_id, matched, created_date) VALUES (5, 15, true, '2024-04-01');


INSERT INTO match (liker_id, liked_user_id, matched, created_date) VALUES (6, 10, true, '2024-04-01');

INSERT INTO match (liker_id, liked_user_id, matched, created_date) VALUES (6, 12, true, '2024-04-01');

INSERT INTO match (liker_id, liked_user_id, matched, created_date) VALUES (6, 14, true, '2024-04-01');

INSERT INTO match (liker_id, liked_user_id, matched, created_date) VALUES (6, 15, true, '2024-04-01');


INSERT INTO match (liker_id, liked_user_id, matched, created_date) VALUES (10, 12, true, '2024-04-01');

INSERT INTO match (liker_id, liked_user_id, matched, created_date) VALUES (10, 14, true, '2024-04-01');

INSERT INTO match (liker_id, liked_user_id, matched, created_date) VALUES (10, 15, true, '2024-04-01');


INSERT INTO match (liker_id, liked_user_id, matched, created_date) VALUES (12, 14, true, '2024-04-01');


INSERT INTO match (liker_id, liked_user_id, matched, created_date) VALUES (15, 12, true, '2024-04-01');


INSERT INTO match (liker_id, liked_user_id, matched, created_date) VALUES (15, 14, true, '2024-04-01');


INSERT INTO message (sender_id, recipient_id, content, timestamp) VALUES (1, 2, '¡Hola! ¿Cómo estás?', '2024-04-01 12:00:00');
INSERT INTO message (sender_id, recipient_id, content, timestamp) VALUES (2, 1, '¡Hola! ¿Todo bien? Encantado de conectar.', '2024-04-01 12:00:00');
INSERT INTO message (sender_id, recipient_id, content, timestamp) VALUES (1, 4, '¡Hola! ¿Cómo estás?', '2024-04-01 12:00:00');
INSERT INTO message (sender_id, recipient_id, content, timestamp) VALUES (4, 1, '¡Hola! ¿Todo bien? Encantado de conectar.', '2024-04-01 12:00:00');
INSERT INTO message (sender_id, recipient_id, content, timestamp) VALUES (1, 5, '¡Hola! ¿Cómo estás?', '2024-04-01 12:00:00');
INSERT INTO message (sender_id, recipient_id, content, timestamp) VALUES (5, 1, '¡Hola! ¿Todo bien? Encantado de conectar.', '2024-04-01 12:00:00');
INSERT INTO message (sender_id, recipient_id, content, timestamp) VALUES (1, 6, '¡Hola! ¿Cómo estás?', '2024-04-01 12:00:00');
INSERT INTO message (sender_id, recipient_id, content, timestamp) VALUES (6, 1, '¡Hola! ¿Todo bien? Encantado de conectar.', '2024-04-01 12:00:00');
INSERT INTO message (sender_id, recipient_id, content, timestamp) VALUES (1, 10, '¡Hola! ¿Cómo estás?', '2024-04-01 12:00:00');
INSERT INTO message (sender_id, recipient_id, content, timestamp) VALUES (10, 1, '¡Hola! ¿Todo bien? Encantado de conectar.', '2024-04-01 12:00:00');
INSERT INTO message (sender_id, recipient_id, content, timestamp) VALUES (1, 12, '¡Hola! ¿Cómo estás?', '2024-04-01 12:00:00');
INSERT INTO message (sender_id, recipient_id, content, timestamp) VALUES (12, 1, '¡Hola! ¿Todo bien? Encantado de conectar.', '2024-04-01 12:00:00');
INSERT INTO message (sender_id, recipient_id, content, timestamp) VALUES (1, 14, '¡Hola! ¿Cómo estás?', '2024-04-01 12:00:00');
INSERT INTO message (sender_id, recipient_id, content, timestamp) VALUES (14, 1, '¡Hola! ¿Todo bien? Encantado de conectar.', '2024-04-01 12:00:00');
INSERT INTO message (sender_id, recipient_id, content, timestamp) VALUES (1, 15, '¡Hola! ¿Cómo estás?', '2024-04-01 12:00:00');
INSERT INTO message (sender_id, recipient_id, content, timestamp) VALUES (15, 1, '¡Hola! ¿Todo bien? Encantado de conectar.', '2024-04-01 12:00:00');
INSERT INTO message (sender_id, recipient_id, content, timestamp) VALUES (2, 4, '¡Hola! ¿Cómo estás?', '2024-04-01 12:00:00');
INSERT INTO message (sender_id, recipient_id, content, timestamp) VALUES (4, 2, '¡Hola! ¿Todo bien? Encantado de conectar.', '2024-04-01 12:00:00');
INSERT INTO message (sender_id, recipient_id, content, timestamp) VALUES (2, 5, '¡Hola! ¿Cómo estás?', '2024-04-01 12:00:00');
INSERT INTO message (sender_id, recipient_id, content, timestamp) VALUES (5, 2, '¡Hola! ¿Todo bien? Encantado de conectar.', '2024-04-01 12:00:00');
INSERT INTO message (sender_id, recipient_id, content, timestamp) VALUES (2, 6, '¡Hola! ¿Cómo estás?', '2024-04-01 12:00:00');
INSERT INTO message (sender_id, recipient_id, content, timestamp) VALUES (6, 2, '¡Hola! ¿Todo bien? Encantado de conectar.', '2024-04-01 12:00:00');
INSERT INTO message (sender_id, recipient_id, content, timestamp) VALUES (2, 10, '¡Hola! ¿Cómo estás?', '2024-04-01 12:00:00');
INSERT INTO message (sender_id, recipient_id, content, timestamp) VALUES (10, 2, '¡Hola! ¿Todo bien? Encantado de conectar.', '2024-04-01 12:00:00');
INSERT INTO message (sender_id, recipient_id, content, timestamp) VALUES (2, 12, '¡Hola! ¿Cómo estás?', '2024-04-01 12:00:00');
INSERT INTO message (sender_id, recipient_id, content, timestamp) VALUES (12, 2, '¡Hola! ¿Todo bien? Encantado de conectar.', '2024-04-01 12:00:00');
INSERT INTO message (sender_id, recipient_id, content, timestamp) VALUES (2, 14, '¡Hola! ¿Cómo estás?', '2024-04-01 12:00:00');
INSERT INTO message (sender_id, recipient_id, content, timestamp) VALUES (14, 2, '¡Hola! ¿Todo bien? Encantado de conectar.', '2024-04-01 12:00:00');
INSERT INTO message (sender_id, recipient_id, content, timestamp) VALUES (2, 15, '¡Hola! ¿Cómo estás?', '2024-04-01 12:00:00');
INSERT INTO message (sender_id, recipient_id, content, timestamp) VALUES (15, 2, '¡Hola! ¿Todo bien? Encantado de conectar.', '2024-04-01 12:00:00');
INSERT INTO message (sender_id, recipient_id, content, timestamp) VALUES (4, 5, '¡Hola! ¿Cómo estás?', '2024-04-01 12:00:00');
INSERT INTO message (sender_id, recipient_id, content, timestamp) VALUES (5, 4, '¡Hola! ¿Todo bien? Encantado de conectar.', '2024-04-01 12:00:00');
INSERT INTO message (sender_id, recipient_id, content, timestamp) VALUES (4, 6, '¡Hola! ¿Cómo estás?', '2024-04-01 12:00:00');
INSERT INTO message (sender_id, recipient_id, content, timestamp) VALUES (6, 4, '¡Hola! ¿Todo bien? Encantado de conectar.', '2024-04-01 12:00:00');
INSERT INTO message (sender_id, recipient_id, content, timestamp) VALUES (4, 10, '¡Hola! ¿Cómo estás?', '2024-04-01 12:00:00');
INSERT INTO message (sender_id, recipient_id, content, timestamp) VALUES (10, 4, '¡Hola! ¿Todo bien? Encantado de conectar.', '2024-04-01 12:00:00');
INSERT INTO message (sender_id, recipient_id, content, timestamp) VALUES (4, 12, '¡Hola! ¿Cómo estás?', '2024-04-01 12:00:00');
INSERT INTO message (sender_id, recipient_id, content, timestamp) VALUES (12, 4, '¡Hola! ¿Todo bien? Encantado de conectar.', '2024-04-01 12:00:00');
INSERT INTO message (sender_id, recipient_id, content, timestamp) VALUES (4, 14, '¡Hola! ¿Cómo estás?', '2024-04-01 12:00:00');
INSERT INTO message (sender_id, recipient_id, content, timestamp) VALUES (14, 4, '¡Hola! ¿Todo bien? Encantado de conectar.', '2024-04-01 12:00:00');
INSERT INTO message (sender_id, recipient_id, content, timestamp) VALUES (4, 15, '¡Hola! ¿Cómo estás?', '2024-04-01 12:00:00');
INSERT INTO message (sender_id, recipient_id, content, timestamp) VALUES (15, 4, '¡Hola! ¿Todo bien? Encantado de conectar.', '2024-04-01 12:00:00');
INSERT INTO message (sender_id, recipient_id, content, timestamp) VALUES (5, 6, '¡Hola! ¿Cómo estás?', '2024-04-01 12:00:00');
INSERT INTO message (sender_id, recipient_id, content, timestamp) VALUES (6, 5, '¡Hola! ¿Todo bien? Encantado de conectar.', '2024-04-01 12:00:00');
INSERT INTO message (sender_id, recipient_id, content, timestamp) VALUES (5, 10, '¡Hola! ¿Cómo estás?', '2024-04-01 12:00:00');
INSERT INTO message (sender_id, recipient_id, content, timestamp) VALUES (10, 5, '¡Hola! ¿Todo bien? Encantado de conectar.', '2024-04-01 12:00:00');
INSERT INTO message (sender_id, recipient_id, content, timestamp) VALUES (5, 12, '¡Hola! ¿Cómo estás?', '2024-04-01 12:00:00');
INSERT INTO message (sender_id, recipient_id, content, timestamp) VALUES (12, 5, '¡Hola! ¿Todo bien? Encantado de conectar.', '2024-04-01 12:00:00');
INSERT INTO message (sender_id, recipient_id, content, timestamp) VALUES (5, 14, '¡Hola! ¿Cómo estás?', '2024-04-01 12:00:00');
INSERT INTO message (sender_id, recipient_id, content, timestamp) VALUES (14, 5, '¡Hola! ¿Todo bien? Encantado de conectar.', '2024-04-01 12:00:00');
INSERT INTO message (sender_id, recipient_id, content, timestamp) VALUES (5, 15, '¡Hola! ¿Cómo estás?', '2024-04-01 12:00:00');
INSERT INTO message (sender_id, recipient_id, content, timestamp) VALUES (15, 5, '¡Hola! ¿Todo bien? Encantado de conectar.', '2024-04-01 12:00:00');
INSERT INTO message (sender_id, recipient_id, content, timestamp) VALUES (6, 10, '¡Hola! ¿Cómo estás?', '2024-04-01 12:00:00');
INSERT INTO message (sender_id, recipient_id, content, timestamp) VALUES (10, 6, '¡Hola! ¿Todo bien? Encantado de conectar.', '2024-04-01 12:00:00');
INSERT INTO message (sender_id, recipient_id, content, timestamp) VALUES (6, 12, '¡Hola! ¿Cómo estás?', '2024-04-01 12:00:00');
INSERT INTO message (sender_id, recipient_id, content, timestamp) VALUES (12, 6, '¡Hola! ¿Todo bien? Encantado de conectar.', '2024-04-01 12:00:00');
INSERT INTO message (sender_id, recipient_id, content, timestamp) VALUES (6, 14, '¡Hola! ¿Cómo estás?', '2024-04-01 12:00:00');
INSERT INTO message (sender_id, recipient_id, content, timestamp) VALUES (14, 6, '¡Hola! ¿Todo bien? Encantado de conectar.', '2024-04-01 12:00:00');
INSERT INTO message (sender_id, recipient_id, content, timestamp) VALUES (6, 15, '¡Hola! ¿Cómo estás?', '2024-04-01 12:00:00');
INSERT INTO message (sender_id, recipient_id, content, timestamp) VALUES (15, 6, '¡Hola! ¿Todo bien? Encantado de conectar.', '2024-04-01 12:00:00');
INSERT INTO message (sender_id, recipient_id, content, timestamp) VALUES (10, 12, '¡Hola! ¿Cómo estás?', '2024-04-01 12:00:00');
INSERT INTO message (sender_id, recipient_id, content, timestamp) VALUES (12, 10, '¡Hola! ¿Todo bien? Encantado de conectar.', '2024-04-01 12:00:00');
INSERT INTO message (sender_id, recipient_id, content, timestamp) VALUES (10, 14, '¡Hola! ¿Cómo estás?', '2024-04-01 12:00:00');
INSERT INTO message (sender_id, recipient_id, content, timestamp) VALUES (14, 10, '¡Hola! ¿Todo bien? Encantado de conectar.', '2024-04-01 12:00:00');
INSERT INTO message (sender_id, recipient_id, content, timestamp) VALUES (10, 15, '¡Hola! ¿Cómo estás?', '2024-04-01 12:00:00');
INSERT INTO message (sender_id, recipient_id, content, timestamp) VALUES (15, 10, '¡Hola! ¿Todo bien? Encantado de conectar.', '2024-04-01 12:00:00');
INSERT INTO message (sender_id, recipient_id, content, timestamp) VALUES (12, 14, '¡Hola! ¿Cómo estás?', '2024-04-01 12:00:00');
INSERT INTO message (sender_id, recipient_id, content, timestamp) VALUES (14, 12, '¡Hola! ¿Todo bien? Encantado de conectar.', '2024-04-01 12:00:00');
INSERT INTO message (sender_id, recipient_id, content, timestamp) VALUES (12, 15, '¡Hola! ¿Cómo estás?', '2024-04-01 12:00:00');
INSERT INTO message (sender_id, recipient_id, content, timestamp) VALUES (15, 12, '¡Hola! ¿Todo bien? Encantado de conectar.', '2024-04-01 12:00:00');
INSERT INTO message (sender_id, recipient_id, content, timestamp) VALUES (14, 15, '¡Hola! ¿Cómo estás?', '2024-04-01 12:00:00');
INSERT INTO message (sender_id, recipient_id, content, timestamp) VALUES (15, 14, '¡Hola! ¿Todo bien? Encantado de conectar.', '2024-04-01 12:00:00');

------------------------
-- NUEVOS ORGANIZADORES PARA CUBRIR TODAS LAS REFERENCIAS
-- =======================================================

-- Organizador adicional para cubrir todos los eventos
INSERT INTO organizer_profiles (user_id, organization_name, contact_email, contact_phone, description, website)
VALUES (9, 'Salsa y Sonidos', 'contacto@salsaysonidos.com', '+54 11 5566-7788', 'Organizador de eventos de salsa y ritmos latinos en Buenos Aires desde 2012.', 'https://www.salsaysonidos.com');

INSERT INTO organizer_profiles (user_id, organization_name, contact_email, contact_phone, description, website)
VALUES (11, 'DanceFest', 'info@dancefest.com', '+54 11 6677-8899', 'Festival anual de danza con workshops, shows y competencias. Variedad de estilos y niveles.', 'https://www.dancefest.com');

-- EVENTOS ADICIONALES PARA PRESENTACIÓN DE TESIS
-- =================================================

-- Evento 4: Clase de Salsa para Principiantes
INSERT INTO events (name, description, date_time, address, capacity, price, event_type, additional_info, status, city_id, country_id, organizer_id)
VALUES (
           'Salsa para Principiantes - Nivel Inicial',
           'Clase especial para quienes dan sus primeros pasos en la salsa. Ambiente relajado y divertido.',
           '2025-08-15 19:30:00',
           'Estudio Dance Flow, Av. Santa Fe 2890, Buenos Aires',
           40,
           1500.00,
           'CLASE',
           'No se requiere experiencia previa. Recomendamos ropa cómoda y calzado adecuado.',
           'ACTIVO',
           1, 66, 1
       );

-- Evento 5: Competencia Nacional de Tango
INSERT INTO events (name, description, date_time, address, capacity, price, event_type, additional_info, status, city_id, country_id, organizer_id)
VALUES (
           'Competencia Nacional de Tango Argentino 2025',
           'El evento más importante del año para bailarines de tango. Categorías Amateur y Profesional.',
           '2025-09-20 16:00:00',
           'Centro Cultural Recoleta, Buenos Aires',
           300,
           3500.00,
           'COMPETENCIA',
           'Inscripciones hasta el 15 de septiembre. Incluye cena y show de clausura.',
           'ACTIVO',
           1, 66, 2
       );

-- Evento 6: Workshop de Bachata con Instructor Internacional
INSERT INTO events (name, description, date_time, address, capacity, price, event_type, additional_info, status, city_id, country_id, organizer_id)
VALUES (
           'Workshop Intensivo con Daniel y Desirée',
           'Workshop exclusivo con los campeones mundiales de bachata sensual.',
           '2025-10-05 14:00:00',
           'Espacio Cultural Córdoba, Córdoba',
           80,
           4200.00,
           'CLASE',
           'Nivel intermedio-avanzado requerido. Certificado de participación incluido.',
           'ACTIVO',
           2, 66, 2
       );

-- Evento 7: Milonga Social de Verano
INSERT INTO events (name, description, date_time, address, capacity, price, event_type, additional_info, status, city_id, country_id, organizer_id)
VALUES (
           'Milonga de Verano al Aire Libre',
           'Una noche mágica de tango bajo las estrellas en los jardines del club.',
           '2025-08-25 20:00:00',
           'Club Atlético River, Mendoza',
           150,
           800.00,
           'SOCIAL',
           'Entrada incluye una consumición. Pista de baile al aire libre.',
           'ACTIVO',
           3, 66, 1
       );

-- Evento 8: Festival de Danzas Urbanas
INSERT INTO events (name, description, date_time, address, capacity, price, event_type, additional_info, status, city_id, country_id, organizer_id)
VALUES (
           'Urban Dance Festival 2025',
           'Festival de hip hop, breakdance y danzas urbanas con workshops y battles.',
           '2025-11-12 10:00:00',
           'Polideportivo Municipal, La Plata',
           200,
           2800.00,
           'COMPETENCIA',
           'Evento de dos días. Incluye battles, workshops y shows en vivo.',
           'ACTIVO',
           2, 66, 2
       );

-- Evento 9: Clase de Kizomba para Parejas
INSERT INTO events (name, description, date_time, address, capacity, price, event_type, additional_info, status, city_id, country_id, organizer_id)
VALUES (
           'Kizomba Romántica - Especial Parejas',
           'Clase diseñada especialmente para parejas que quieren conectar a través del baile.',
           '2025-08-30 18:00:00',
           'Salón Eclipse, Rosario',
           30,
           2200.00,
           'CLASE',
           'Perfecto para parejas principiantes. Ambiente íntimo y romántico.',
           'ACTIVO',
           1, 66, 1
       );

-- Evento 10: Competencia Nacional de Bachata
INSERT INTO events (
    name, description, date_time, address, capacity, price, event_type, additional_info, status, city_id, country_id, organizer_id
) VALUES (
             'Competencia Nacional de Bachata Buenos Aires',
             'Un evento competitivo donde los mejores bailarines de bachata del país se enfrentan en diversas categorías. Incluye shows especiales y jurado internacional.',
             '2025-12-15 12:00:00',
             'Centro de Convenciones, Buenos Aires',
             500,
             8500.00,
             'COMPETENCIA',
             'La inscripción incluye acceso a todas las rondas y shows. Hospedaje no incluido.',
             'ACTIVO',
             1, 66, 2
         );


-- Evento 11: Evento Cancelado (para mostrar diferentes estados)
INSERT INTO events (name, description, date_time, address, capacity, price, event_type, additional_info, status, city_id, country_id, organizer_id)
VALUES (
           'Taller de Jazz Dance - CANCELADO',
           'Taller de técnicas avanzadas de jazz dance contemporáneo.',
           '2025-07-20 16:00:00',
           'Estudio 45, Buenos Aires',
           25,
           1800.00,
           'CLASE',
           'Evento cancelado por motivos de fuerza mayor. Reembolsos automáticos.',
           'CANCELADO',
           1, 66, 1
       );

-- Evento 12: Evento Gratuito
INSERT INTO events (name, description, date_time, address, capacity, price, event_type, additional_info, status, city_id, country_id, organizer_id)
VALUES (
           'Clase Abierta de Salsa - Gratis',
           'Clase gratuita para celebrar el aniversario de la escuela. ¡Todos bienvenidos!',
           '2025-08-10 17:00:00',
           'Plaza San Martín, Córdoba',
           100,
           0.00,
           'CLASE',
           'Evento gratuito al aire libre. Traer botella de agua. En caso de lluvia se suspende.',
           'ACTIVO',
           2, 66, 2
       );

-- ESTILOS PARA LOS NUEVOS EVENTOS
-- ================================

INSERT INTO event_styles (event_id, style) VALUES (4, 'SALSA');
INSERT INTO event_styles (event_id, style) VALUES (5, 'TANGO');
INSERT INTO event_styles (event_id, style) VALUES (6, 'BACHATA');
INSERT INTO event_styles (event_id, style) VALUES (7, 'TANGO');
INSERT INTO event_styles (event_id, style) VALUES (8, 'HIPHOP');
INSERT INTO event_styles (event_id, style) VALUES (8, 'BREAKDANCE');
INSERT INTO event_styles (event_id, style) VALUES (9, 'KIZOMBA');
INSERT INTO event_styles (event_id, style) VALUES (10, 'BACHATA');
INSERT INTO event_styles (event_id, style) VALUES (11, 'JAZZ');
INSERT INTO event_styles (event_id, style) VALUES (12, 'SALSA');

-- REGISTRACIONES ADICIONALES PARA MOSTRAR DIFERENTES ESCENARIOS
-- ==============================================================

-- Registraciones para el evento 4 (Salsa Principiantes)
INSERT INTO event_registrations (event_id, user_id, registration_date, attended, payment_date, payment_reference, payment_method, paid_amount, status)
VALUES (4, 5, '2025-07-10 14:30:00', TRUE, '2025-07-10 14:35:00', 'PAY-4001', 'mercado_pago', 1500.00, 'CONFIRMADO');

INSERT INTO event_registrations (event_id, user_id, registration_date, attended, payment_date, payment_reference, payment_method, paid_amount, status)
VALUES (4, 15, '2025-07-12 09:15:00', TRUE, '2025-07-12 09:20:00', 'PAY-4002', 'transferencia', 1500.00, 'CONFIRMADO');

-- Registración pendiente de pago
INSERT INTO event_registrations (event_id, user_id, registration_date, attended, status)
VALUES (4, 14, '2025-07-28 18:00:00', FALSE, 'PENDIENTE');

-- Registraciones para el evento 5 (Competencia Tango)
INSERT INTO event_registrations (event_id, user_id, registration_date, attended, payment_date, payment_reference, payment_method, paid_amount, status)
VALUES (5, 1, '2025-08-01 10:00:00', FALSE, '2025-08-01 10:05:00', 'PAY-5001', 'mercado_pago', 3500.00, 'CONFIRMADO');

INSERT INTO event_registrations (event_id, user_id, registration_date, attended, payment_date, payment_reference, payment_method, paid_amount, status)
VALUES (5, 2, '2025-08-05 16:20:00', FALSE, '2025-08-05 16:25:00', 'PAY-5002', 'tarjeta_credito', 3500.00, 'CONFIRMADO');

-- Registración cancelada
INSERT INTO event_registrations (event_id, user_id, registration_date, attended, status)
VALUES (5, 4, '2025-08-03 12:00:00', FALSE, 'CANCELADO');

-- Registraciones para evento gratuito (evento 12)
INSERT INTO event_registrations (event_id, user_id, registration_date, attended, payment_date, paid_amount, status)
VALUES (12, 5, '2025-07-25 11:00:00', FALSE, NULL, 0.00, 'CONFIRMADO');

INSERT INTO event_registrations (event_id, user_id, registration_date, attended, payment_date, paid_amount, status)
VALUES (12, 6, '2025-07-26 14:30:00', FALSE, NULL, 0.00, 'CONFIRMADO');

INSERT INTO event_registrations (event_id, user_id, registration_date, attended, payment_date, paid_amount, status)
VALUES (12, 10, '2025-07-27 09:45:00', FALSE, NULL, 0.00, 'CONFIRMADO');


-- MENSAJES ADICIONALES PARA MOSTRAR CONVERSACIONES MÁS REALISTAS
-- ===============================================================

-- Conversación sobre eventos
INSERT INTO message (sender_id, recipient_id, content, timestamp)
VALUES (1, 2, '¿Vas a ir al congreso de bachata en diciembre?', '2024-07-15 19:30:00');

INSERT INTO message (sender_id, recipient_id, content, timestamp)
VALUES (2, 1, '¡Sí! Ya me inscribí. ¿Vos también vas?', '2024-07-15 19:32:00');

INSERT INTO message (sender_id, recipient_id, content, timestamp)
VALUES (1, 2, 'Estoy pensando... es caro pero vale la pena por los instructores que vienen.', '2024-07-15 19:35:00');

-- Conversación sobre práctica
INSERT INTO message (sender_id, recipient_id, content, timestamp)
VALUES (5, 6, '¿Querés practicar kizomba este fin de semana?', '2024-07-20 14:15:00');

INSERT INTO message (sender_id, recipient_id, content, timestamp)
VALUES (6, 5, 'Perfecto! Conozco un lugar tranquilo para practicar.', '2024-07-20 14:18:00');

INSERT INTO message (sender_id, recipient_id, content, timestamp)
VALUES (5, 6, 'Genial. ¿El sábado a las 16:00 te parece bien?', '2024-07-20 14:20:00');

INSERT INTO message (sender_id, recipient_id, content, timestamp)
VALUES (6, 5, '¡Dale! Nos vemos el sábado entonces.', '2024-07-20 14:22:00');

-- MATCHES ADICIONALES PARA MOSTRAR DIVERSIDAD
-- ============================================

-- Algunos matches recientes
INSERT INTO match (liker_id, liked_user_id, matched, created_date) VALUES (11, 1, false, '2024-07-25');
INSERT INTO match (liker_id, liked_user_id, matched, created_date) VALUES (11, 2, true, '2024-07-26');
INSERT INTO match (liker_id, liked_user_id, matched, created_date) VALUES (2, 11, true, '2024-07-26');
INSERT INTO match (liker_id, liked_user_id, matched, created_date) VALUES (13, 14, false, '2024-07-27');

-- USUARIOS ADICIONALES PARA ENRIQUECER LA BASE DE DATOS
-- ======================================================

INSERT INTO users (full_name, email, password, gender, birthdate, city_id, country_id, role, subscription_type, subscription_expiration, created_date)
VALUES ('Isabella Torres', 'isabella.torres@example.com', '$2a$10$dXJ3SW6G7P50lGmMkkmwe.20cQQubK3.HZWzG3YB1tlRy.fqvM/BG', 'Femenino', '1989-06-15', 1, 70, 'BAILARIN', 'PRO', '2025-12-31', '2024-05-01 11:00:00');

INSERT INTO users (full_name, email, password, gender, birthdate, city_id, country_id, role, subscription_type, subscription_expiration, created_date)
VALUES ('Diego Morales', 'diego.morales@example.com', '$2a$10$dXJ3SW6G7P50lGmMkkmwe.20cQQubK3.HZWzG3YB1tlRy.fqvM/BG', 'Masculino', '1992-03-08', 2, 70, 'BAILARIN', 'BASICO', '2025-10-15', '2024-05-02 15:30:00');

INSERT INTO users (full_name, email, password, gender, birthdate, city_id, country_id, role, subscription_type, subscription_expiration, created_date)
VALUES ('Camila Vega', 'camila.vega@example.com', '$2a$10$dXJ3SW6G7P50lGmMkkmwe.20cQQubK3.HZWzG3YB1tlRy.fqvM/BG', 'Femenino', '1995-11-22', 3, 70, 'ORGANIZADOR', 'PRO', '2026-03-31', '2024-05-03 08:45:00');

-- PERFILES DE BAILARINES PARA LOS NUEVOS USUARIOS
-- ===============================================

INSERT INTO dancer_profiles (user_id, full_name, age, city, level, about_me, availability)
VALUES (16, 'Isabella Torres', 35, 'Buenos Aires', 'PROFESIONAL', 'Bailarina profesional especializada en danzas latinas. Participo en competencias internacionales y doy clases magistrales.', 'Lunes a Viernes: 14:00 - 20:00');

INSERT INTO dancer_profiles (user_id, full_name, age, city, level, about_me, availability)
VALUES (17, 'Diego Morales', 32, 'Córdoba', 'INTERMEDIO', 'Apasionado por el hiphop y el jazz. Siempre buscando nuevos desafíos y compañeros de baile.', 'Fines de semana y algunos días de semana por las tardes');

-- ESTILOS PARA LOS NUEVOS BAILARINES
-- ==================================

INSERT INTO dancer_styles (dancer_id, style) VALUES (12, 'SALSA');
INSERT INTO dancer_styles (dancer_id, style) VALUES (12, 'BACHATA');
INSERT INTO dancer_styles (dancer_id, style) VALUES (12, 'KIZOMBA');

INSERT INTO dancer_styles (dancer_id, style) VALUES (13, 'HIPHOP');
INSERT INTO dancer_styles (dancer_id, style) VALUES (13, 'JAZZ');

-- PERFIL DE ORGANIZADOR PARA EL NUEVO USUARIO
-- ===========================================

-- Primero crear el organizador adicional para tener más opciones
INSERT INTO organizer_profiles (user_id, organization_name, contact_email, contact_phone, description, website)
VALUES (18, 'Mendoza Dance Events', 'contacto@mendozadance.com', '+54 261 123-4567', 'Organizadora de eventos de danza en Mendoza. Especializada en workshops y competencias regionales.', 'https://www.mendozadance.com');

-- MEDIA PARA LOS NUEVOS PERFILES
-- ==============================

INSERT INTO media (url, profile_id) VALUES ('https://abfba8402917.ngrok-free.app/mujer8.jpg', 12);
INSERT INTO media (url, profile_id) VALUES ('https://abfba8402917.ngrok-free.app/hombre5.jpg', 13);

-- COMENTARIOS Y FEEDBACK ADICIONAL
-- =================================

INSERT INTO ratings (rater_id, dancer_profile_id, stars, comment)
VALUES (1, 12, 5, 'Isabella es increíble! Su técnica y pasión por el baile son inspiradoras.');

INSERT INTO ratings (rater_id, dancer_profile_id, stars, comment)
VALUES (2, 13, 4, 'Diego tiene un estilo único en swing. Muy divertido bailar con él.');

INSERT INTO ratings (rater_id, dancer_profile_id, stars, comment)
VALUES (10, 12, 5, 'Profesional de primera clase. Recomiendo sus clases a todos.');

-- DATOS PARA ANÁLISIS Y ESTADÍSTICAS
-- ===================================

-- Algunos likes adicionales para mostrar actividad
INSERT INTO match (liker_id, liked_user_id, matched, created_date) VALUES (16, 1, false, '2024-07-30');
INSERT INTO match (liker_id, liked_user_id, matched, created_date) VALUES (17, 2, false, '2024-07-31');
INSERT INTO match (liker_id, liked_user_id, matched, created_date) VALUES (1, 16, true, '2024-08-01');
INSERT INTO match (liker_id, liked_user_id, matched, created_date) VALUES (16, 1, true, '2024-08-01');

-- Mensajes para las nuevas conversaciones
INSERT INTO message (sender_id, recipient_id, content, timestamp)
VALUES (1, 16, '¡Hola Isabella! Vi tu perfil, eres bailarina profesional. Me encantaría conocer más sobre tu experiencia.', '2024-08-01 20:00:00');

INSERT INTO message (sender_id, recipient_id, content, timestamp)
VALUES (16, 1, 'Hola Carlos! Gracias por escribir. Sí, llevo muchos años en esto. ¿Qué estilos bailas?', '2024-08-01 20:05:00');

INSERT INTO message (sender_id, recipient_id, content, timestamp)
VALUES (1, 16, 'Principalmente tango y bachata. Estoy en nivel avanzado pero siempre busco mejorar.', '2024-08-01 20:08:00');